,sno_id,host_id,frel
0,ENSG00000200959,ENSG00000281398,0.892335766423
1,ENSG00000202048,ENSG00000225746,0.154745838956
2,ENSG00000206633,ENSG00000115758,0.00824931255729
3,ENSG00000225091,ENSG00000196756,0.000908265213442
